# 2026-09-13 attribution-trailer correction; commit trees, authors, dates and parent order preserved.
# Existing source-revision and binary-checksum provenance remains unchanged. See HISTORY_REWRITE_20260913.md.
old	new
001d2ff2adaef867fd4b1ea47108e01a22651403	001d2ff2adaef867fd4b1ea47108e01a22651403
00303c6732792650a7b797cd52877166b33f8701	00303c6732792650a7b797cd52877166b33f8701
00acdedd4ea6919d31ec517cbdafa6325b409ba1	00acdedd4ea6919d31ec517cbdafa6325b409ba1
00d091098f63d1c77dcd80430b0d807dd70daedd	1fd9d2d4f8fc2413003d8683790516137f038666
0193ab5a51835ca74e23fc4b7df864ff73a32863	0193ab5a51835ca74e23fc4b7df864ff73a32863
0223f0a16a4c58c9383e910de5283ccd15b4e730	0223f0a16a4c58c9383e910de5283ccd15b4e730
025dd8ecdc640022f4566309007d42511c5650fa	025dd8ecdc640022f4566309007d42511c5650fa
0293ab537a656afe88dfd2e5d45736c192b54d7f	0293ab537a656afe88dfd2e5d45736c192b54d7f
053df9bbabe48b12de6c7fc0745fd1c1320d88d8	053df9bbabe48b12de6c7fc0745fd1c1320d88d8
05705cecbbd71e675e0c3cba98ad015dc46478e6	05705cecbbd71e675e0c3cba98ad015dc46478e6
05a446c72a59b1f74d33448418c1532ca37bd054	05a446c72a59b1f74d33448418c1532ca37bd054
05d59604fe772188b6d5d1b877d13c44e2169979	05d59604fe772188b6d5d1b877d13c44e2169979
0616aeac11ec32abaa998cbcd7d8e55575ba7a22	0616aeac11ec32abaa998cbcd7d8e55575ba7a22
06aacab5e366679a9843db4bd480956f566c9ba6	06aacab5e366679a9843db4bd480956f566c9ba6
072fa11b9dc49ab13545befa5865b2221e25a9ab	072fa11b9dc49ab13545befa5865b2221e25a9ab
075caeb806da2b82689e1402798719925a74f0ea	075caeb806da2b82689e1402798719925a74f0ea
077b2e508321d00b757ba4d0d1e636a97ff55cdb	077b2e508321d00b757ba4d0d1e636a97ff55cdb
07cb578db2eebc9e6c7846ae0e977cc947580001	07cb578db2eebc9e6c7846ae0e977cc947580001
07f7fd7dd78cfba4737fc7c95188b782069ff718	07f7fd7dd78cfba4737fc7c95188b782069ff718
083a20c40c834ec0e8174d8a5fe485579beff9f9	083a20c40c834ec0e8174d8a5fe485579beff9f9
0999cc45a9ccb81f766676b7fb0ff3d8e2a40774	0999cc45a9ccb81f766676b7fb0ff3d8e2a40774
09e23ef181619794b8f886a1a52a9db09c155461	09e23ef181619794b8f886a1a52a9db09c155461
0b5c8281411a282a97e721037459084a60fb176f	0b8f94bcecffbed5d7b71a32553b8789f3c37b09
0b88e6d1436e18b56e4ce624574a241a8ebfb36f	0b88e6d1436e18b56e4ce624574a241a8ebfb36f
0b9ab83261492f01e7dfcc22d75cc4955afe4c5d	0b9ab83261492f01e7dfcc22d75cc4955afe4c5d
0c830c6606119d1b75639d3786d1528235c5f114	0c830c6606119d1b75639d3786d1528235c5f114
0ccd2c7a8c923b051cca3a51d5034999bd740de8	0ccd2c7a8c923b051cca3a51d5034999bd740de8
0d41b6350a66f3add2dc9e6f195f64586119909e	60f2fab36637e336fdd7779b94c06b7928dee885
0e150370d64e00e7b71f4ef0e43f0d65c9b18cd3	0e150370d64e00e7b71f4ef0e43f0d65c9b18cd3
0e5159f8698fad0ac9a8b06359da97363d6ef272	0e5159f8698fad0ac9a8b06359da97363d6ef272
0ea86207a684abe3351d52741a7c9287432fa389	0ea86207a684abe3351d52741a7c9287432fa389
0ec61adad78b20b3ce0076b4e1d4d465cf6d7a49	0ec61adad78b20b3ce0076b4e1d4d465cf6d7a49
0f275fe4e72f5d9ba2dbd378820b752843da79bd	0f275fe4e72f5d9ba2dbd378820b752843da79bd
0f3b6bd2193e23ccb8cacbec9582ac4116b0ed9d	0f3b6bd2193e23ccb8cacbec9582ac4116b0ed9d
0ffa6dffe7a583aba211cab2530aa8234bc6389d	24323875943f88c6170728a4bdffa4ca8a70f49a
107b62ee04ba2f0c401f11919b6c0729008231ed	107b62ee04ba2f0c401f11919b6c0729008231ed
10aa6e245e140f7ee2a961a927f123a41ec5e932	10aa6e245e140f7ee2a961a927f123a41ec5e932
10b37bf3d1157460b8549106008e8487a97d0a6e	10b37bf3d1157460b8549106008e8487a97d0a6e
114d67544eb2d5983a1f81d7bff2831a31120ad8	114d67544eb2d5983a1f81d7bff2831a31120ad8
148082f713fec76de22f2c3da8a1fbc73f7c89b1	148082f713fec76de22f2c3da8a1fbc73f7c89b1
1519d2a3b7ac286251e30560458d3895d4e54f6f	1519d2a3b7ac286251e30560458d3895d4e54f6f
157e5b157734d890657d4bbc912f747959734006	157e5b157734d890657d4bbc912f747959734006
1625797f1255cdc6f86dc129af11792c47fbe99a	1625797f1255cdc6f86dc129af11792c47fbe99a
167331e53419be7b73f6322ed37071d4c3b886e5	74a711920e38912c5d5d3bc51305da9e4b164601
16792ede757d643cff5acbb65ce2c4f839fe3c16	16792ede757d643cff5acbb65ce2c4f839fe3c16
16b0cc6f766856b514dee1699ba82b70ba1a074a	16b0cc6f766856b514dee1699ba82b70ba1a074a
16de1d2d36deaf111fb03d00657241ba85390f3e	16de1d2d36deaf111fb03d00657241ba85390f3e
173e54a4c6fe293d5b7f28a6fb91b399244e020d	11226a4d161fa9c643b6025baae4330fd0ef5758
17464272605dfa427d3e233a4cbf0e4c80fec536	17464272605dfa427d3e233a4cbf0e4c80fec536
17abb1bdee0e7d8322c6632c814ed8e24010d6aa	17abb1bdee0e7d8322c6632c814ed8e24010d6aa
17feabe87d71daf2a5c1540e20e93c0d4041a22b	ccd262e0904460d42dee4ea89aacdbcb876d11be
18616c4207fa45d7d9452cee462ef463feedd6cb	18616c4207fa45d7d9452cee462ef463feedd6cb
18656dd56b7f32d7f3eb84cffe54d0f8580aa588	18656dd56b7f32d7f3eb84cffe54d0f8580aa588
1868ddf9e92a853b83957aec29721432a5da0cf6	1868ddf9e92a853b83957aec29721432a5da0cf6
1a380966fcfd11774d79aea9c0c226c6d0a13955	1a380966fcfd11774d79aea9c0c226c6d0a13955
1a537f74752b05e594a602549eceb6c07109a29e	1a537f74752b05e594a602549eceb6c07109a29e
1a7a6971ff112c511e9d588a4be3062ca63aa089	1a7a6971ff112c511e9d588a4be3062ca63aa089
1aa1af290756b7b2746fa5b7744e073cb60c5520	1aa1af290756b7b2746fa5b7744e073cb60c5520
1acb4cd6a66e8571bb7d0a0cdd7865cd046db7ba	7b82fd8a82a0e721d17a0c5acc6826d5ff01b9b8
1b6c2d09cd1e66153ced493549c76f153d1c7aca	1b6c2d09cd1e66153ced493549c76f153d1c7aca
1b85390327034fe3777fd89b06b7bbacffdc4ed0	1b85390327034fe3777fd89b06b7bbacffdc4ed0
1c23c7e62901b6c4b4670da23af91424ed64b4f7	1c23c7e62901b6c4b4670da23af91424ed64b4f7
1c5ab2a12e6880e80832fdeb8817ce8d5b949d71	1c5ab2a12e6880e80832fdeb8817ce8d5b949d71
1c699e7b27699373d0248a050f34f39409e88814	1c699e7b27699373d0248a050f34f39409e88814
1c99f03c99de8ac35fe4da6c90356f7eac7a0cc0	1c99f03c99de8ac35fe4da6c90356f7eac7a0cc0
1cba6dfc0e8f475b3da41d22a9435dfb692dc361	1cba6dfc0e8f475b3da41d22a9435dfb692dc361
1cca730f762928015efdf85d0c6d331a24cb2ed2	1cca730f762928015efdf85d0c6d331a24cb2ed2
1da16b1726e9be5a1fe1e30a340b52f6dd26ccd1	1da16b1726e9be5a1fe1e30a340b52f6dd26ccd1
1daabe5c31259d2857fa61aabb0eac36adbe2e78	1daabe5c31259d2857fa61aabb0eac36adbe2e78
1dc57ab4b27ff076321c2ab9642f8e025d725859	1dc57ab4b27ff076321c2ab9642f8e025d725859
1f4ae0d6d9af4c76e7bcf70d7a0fe8ef5eeba7b7	1f4ae0d6d9af4c76e7bcf70d7a0fe8ef5eeba7b7
1fdd6b5cdd40dfdde734633d0880e8d54c84f439	1fdd6b5cdd40dfdde734633d0880e8d54c84f439
1fdd749ecde08a09519ca8ca4ee4fb7dbef632bf	1fdd749ecde08a09519ca8ca4ee4fb7dbef632bf
2037d067cae7a5e979604c145df9bca5845f0382	72b6e191640614e62fddbb4fb7ba693400b3f919
206a25e13b20919549e10e62ded0a8c083ad1c51	206a25e13b20919549e10e62ded0a8c083ad1c51
212145ea3363be04fa9fd9d1c5e340330db8a973	212145ea3363be04fa9fd9d1c5e340330db8a973
2128efe5b8c2c497d815531bc7bdc96d8f1e2ab3	2128efe5b8c2c497d815531bc7bdc96d8f1e2ab3
212bb5cd6dc40e6f1fd9edeb0e48917c7d04e34d	212bb5cd6dc40e6f1fd9edeb0e48917c7d04e34d
2169e0f5c613435000f739737574959905a3c57d	2169e0f5c613435000f739737574959905a3c57d
21b8b9bb023e60d39f47270da5b4843bc0fe3515	21b8b9bb023e60d39f47270da5b4843bc0fe3515
21d697e12515e13611665fc55777606484f1862d	21d697e12515e13611665fc55777606484f1862d
228d320cc34da11f306c8765a09802ba7e3a415e	228d320cc34da11f306c8765a09802ba7e3a415e
22f526539bf1ba1f1779edfc89597520afca7b70	22f526539bf1ba1f1779edfc89597520afca7b70
2302e43f83ad567fbad51f3c04aa8c59bb01751c	b83c68c5bde8acf77228b4ec43e575ce489d2d4e
2332f589dae99f077b370c1b82f2bee0b6d97382	2332f589dae99f077b370c1b82f2bee0b6d97382
240078dd119b3dfed3ad68ec4a7167d236e68616	240078dd119b3dfed3ad68ec4a7167d236e68616
24a7ec7223022b93e0a196e6715ce6cb0da347fa	d680a0e4329fc73e24a0833d5c08d0a4ef0a2a97
24d8bd020dd4095d48cba7f89c66391825a4ee3f	24d8bd020dd4095d48cba7f89c66391825a4ee3f
25e218d6d9727b66cd21d2406fabb1c6e624dab6	25e218d6d9727b66cd21d2406fabb1c6e624dab6
266c513a59423e9e743aed851bd6ec1a95b20ff5	266c513a59423e9e743aed851bd6ec1a95b20ff5
267c10c23c50a1a9d64869a27a92debaa0a484e3	267c10c23c50a1a9d64869a27a92debaa0a484e3
26d51a3ce08b49c6dd77077e18ebc56ef46556e6	26d51a3ce08b49c6dd77077e18ebc56ef46556e6
28c58f7916a36b6b7fc517392db7be4d1f3dd938	28c58f7916a36b6b7fc517392db7be4d1f3dd938
293897786a9ec3a56aeedee47fd8837d6b3088de	922c23d57cded42e5feb2409feafef7d0669b5a0
2942102abd0d2423a026b9c15b852b00035cae11	2942102abd0d2423a026b9c15b852b00035cae11
29bc02d02671ebfb6f71c4b24cafb7548c2ca901	29bc02d02671ebfb6f71c4b24cafb7548c2ca901
2a10ed9177ca65531dd15e88afec649c8a3b0d82	2a10ed9177ca65531dd15e88afec649c8a3b0d82
2adb10073f27808cb731174db9f5d6b10864bc7f	5305643b08a057bd990b090970946aa2ea830ab6
2af1986f842a38c63f221aa90dae406d0719b68e	2af1986f842a38c63f221aa90dae406d0719b68e
2b8a6f0347cd44b23a0552b05d6bc66be4b4723f	2b8a6f0347cd44b23a0552b05d6bc66be4b4723f
2c14e3de1486bcbc184a18852294201cccabae1e	2c14e3de1486bcbc184a18852294201cccabae1e
2c186c8667b105f25676cf50e5bbb78d6ca214e0	2c186c8667b105f25676cf50e5bbb78d6ca214e0
2d2533072d2fcfc4bfac51d27d343c9d1c6d339a	2d2533072d2fcfc4bfac51d27d343c9d1c6d339a
2dd08a6cf3db16d73e470c474de7fa53a75ccb72	2dd08a6cf3db16d73e470c474de7fa53a75ccb72
2dd1b2db6ee5a26ca9800cf402b7a25e53ec14a4	2dd1b2db6ee5a26ca9800cf402b7a25e53ec14a4
2ddb0d786232a546dbc102e29673156146acf52c	818fdbc0c28148777528ea1e290512554296dd82
2e291b192167d3f1d34b2d0d0f1de050d29fb30d	2e291b192167d3f1d34b2d0d0f1de050d29fb30d
2f4c02c93ed6b805ec58435fdef165b74bb43223	2f4c02c93ed6b805ec58435fdef165b74bb43223
2fe280eec8c491aea6908c9d86c550c10caff091	2fe280eec8c491aea6908c9d86c550c10caff091
30026dfbc5c44a70288f28759dbe2831549dc3e0	30026dfbc5c44a70288f28759dbe2831549dc3e0
30ec17e13f3fefe93cef9cefe0aea4ecd5a84b03	30ec17e13f3fefe93cef9cefe0aea4ecd5a84b03
312caba1469c1cebc30aea44c88e674f051c8713	312caba1469c1cebc30aea44c88e674f051c8713
31537f08f73855012c5fb278d0b2fada0d9b7e24	31537f08f73855012c5fb278d0b2fada0d9b7e24
316fd84e881196b5dd190bfeaf576f001508283b	316fd84e881196b5dd190bfeaf576f001508283b
31a02b3472bfac5de74b7e9d24e37ef7375f0185	31a02b3472bfac5de74b7e9d24e37ef7375f0185
31b8753e37088778dda958b5422ccd58dd0e2b06	e1f36ea06b76bec5d664ca1a8d645cfc700291c6
32421540d18f342f64967ea1c7b77b8b5c30e6cc	32421540d18f342f64967ea1c7b77b8b5c30e6cc
3273b9baa377e23395602aa35b5a966dab213f44	25b3e4ab74af3559bd15b4f499946b22f5695fba
32ae269d84c3e803167c7f7244df9e276cf7d8c6	32ae269d84c3e803167c7f7244df9e276cf7d8c6
33723c28be44a0502450a4042f43de2ead7e7e76	33723c28be44a0502450a4042f43de2ead7e7e76
3471243b60d2c9d7d408bf8dd6a4bb8634f2b4f7	3471243b60d2c9d7d408bf8dd6a4bb8634f2b4f7
34905b18e2cd7c566e0e7d1eeec62a5c0551f108	34905b18e2cd7c566e0e7d1eeec62a5c0551f108
34a6ec8d8e8302e704ad8048f1d55c99cfc36932	34a6ec8d8e8302e704ad8048f1d55c99cfc36932
34b1c779340038d70089a34fa3cc7c2d1eae1c30	34b1c779340038d70089a34fa3cc7c2d1eae1c30
34f5545f5bc90b488df93226c7deede42d1cb315	34f5545f5bc90b488df93226c7deede42d1cb315
3524e0e407ecf50f0fd352e94412bf062bc669ae	3524e0e407ecf50f0fd352e94412bf062bc669ae
35d53a976e0ca72741ad7cd72001fbf4962c2876	35d53a976e0ca72741ad7cd72001fbf4962c2876
3639e6857db1b518d60e0f4a88f966036c9a27e4	3639e6857db1b518d60e0f4a88f966036c9a27e4
363fb277b620075bd45718e79fae2e2b5f6e46cd	363fb277b620075bd45718e79fae2e2b5f6e46cd
36a0546919311018d1532e5748f1968daf41089f	36a0546919311018d1532e5748f1968daf41089f
36eddda4c19d66a00be95807ee525e0c429899bf	36eddda4c19d66a00be95807ee525e0c429899bf
37541769b9681c39a6b43fbc8311d56bcedf10a6	37541769b9681c39a6b43fbc8311d56bcedf10a6
37b1897da3f732a66d01f94ab1c6e0e4f5ecfa61	bc12b2e20a8e9cbfb000c0a11a4a1a7de447bb8b
3812b8e6af78a2ddb11a1a5b9fbf66510a865487	3812b8e6af78a2ddb11a1a5b9fbf66510a865487
38164cf2df7e90c560137b6c08e7c09819257f4b	38164cf2df7e90c560137b6c08e7c09819257f4b
382cd8c7eb9f6b01173fe4039826e1af8f3811d0	c92598cda3752ef88e50bcff2ed21a0465389655
388650db8648e47b68541bf0ac9196f10b48420e	388650db8648e47b68541bf0ac9196f10b48420e
38a15845f5d1c6b359b319f069f8cef3848d384a	38a15845f5d1c6b359b319f069f8cef3848d384a
38bf5ef282901af4b172329e89868afdc66e9fd5	38bf5ef282901af4b172329e89868afdc66e9fd5
39b7512cc135ac47b00932845d77a6083b09b197	39b7512cc135ac47b00932845d77a6083b09b197
3a29a3789d62095f288ed29ac6baf8060188b794	3a29a3789d62095f288ed29ac6baf8060188b794
3aa9cc1c613e8f66fc1cb82cd1ba1d40b8f81a97	3aa9cc1c613e8f66fc1cb82cd1ba1d40b8f81a97
3aedd177cd7e34000dd18a127f821e2784fe0f76	f0485944a61e50fe04eb1d4a0996def1e5c1579e
3b55bd45af7a6d8e4509556712f580c609870fd8	3b55bd45af7a6d8e4509556712f580c609870fd8
3ba5dd3de0aa260a25cd8e70296baf4c0bc9946b	3ba5dd3de0aa260a25cd8e70296baf4c0bc9946b
3bcd01ff3ad7955c096c93fe47ff11e7b3f62585	3bcd01ff3ad7955c096c93fe47ff11e7b3f62585
3c035cb7f44f40bc9ed2bebd2c72a8a153f52a48	2a60202b3cb63743533e3727b51e44474b762f3f
3c9a6c5183709ffb1fab39b24c55b34d1c6c35e9	3c9a6c5183709ffb1fab39b24c55b34d1c6c35e9
3ce24141def1707aa1f9770f5757b8e7ae39be34	3ce24141def1707aa1f9770f5757b8e7ae39be34
3d9a13155fbb99b1f2cfcd793683097816b5d228	3d9a13155fbb99b1f2cfcd793683097816b5d228
3da88920b19b3faed1bf9f92db525d9b18a889aa	3da88920b19b3faed1bf9f92db525d9b18a889aa
3e13f0e0d769b57705ef73bb2f3e620a89c153ca	3e13f0e0d769b57705ef73bb2f3e620a89c153ca
3e5b6171d0a210f038a54e0226616a05fdc3b972	3e5b6171d0a210f038a54e0226616a05fdc3b972
3e80208c8fc00b10187d0785e7a0c8a3ae7e4f53	3e80208c8fc00b10187d0785e7a0c8a3ae7e4f53
3ea11d4fbeb6a03a75c69aea6c5182fb1cdfd648	3ea11d4fbeb6a03a75c69aea6c5182fb1cdfd648
3ecd890465447571c7dc8dccfa050ce7ba57155e	3ecd890465447571c7dc8dccfa050ce7ba57155e
3f6f86f583427c11318244f4d4f545816afb4169	f1a3944244494d9b93b138d46c3efb5d03147bb2
3fe5651d62250da700949756d46c37c2382a05e5	3fe5651d62250da700949756d46c37c2382a05e5
3ff43093114d4d1148759719a6d1e21ee959d3fb	3ff43093114d4d1148759719a6d1e21ee959d3fb
4024369b1d53905245c3f3e37eb1510b5e7c9dbb	4024369b1d53905245c3f3e37eb1510b5e7c9dbb
40448f9c2465a7152221e571781d912d10bb84e6	40448f9c2465a7152221e571781d912d10bb84e6
40ab0d30610806f447257597cf2613bd97caa627	f3ffa759d45f67b6655fef920b4dc35d79da0373
40ca05af624241f72e5b65f59bc2d47cd5071e68	9ff43cc779ff43c22f6efa660913a29c6f016f21
411e025a56b81b3fd39c94ca3e879183e655c216	411e025a56b81b3fd39c94ca3e879183e655c216
41ea2d0568ab110a20eccf59755a860bc17150f8	41ea2d0568ab110a20eccf59755a860bc17150f8
41ed862bba00f8467088f2249f6881ecab75367b	41ed862bba00f8467088f2249f6881ecab75367b
41f684a741be5830e8434ee19ef4c794f3343203	41f684a741be5830e8434ee19ef4c794f3343203
4203478898d48ca79e6693da0c2288aaade7e49f	4203478898d48ca79e6693da0c2288aaade7e49f
4237c1c0d352c50ec571f07134086660b7030126	4237c1c0d352c50ec571f07134086660b7030126
42a1dbb4fffd2873ec1150b25ddd0353e51a1d7b	42a1dbb4fffd2873ec1150b25ddd0353e51a1d7b
42ed8c274d1e060f6a4f4c0ac458d4a66fe7dce9	42ed8c274d1e060f6a4f4c0ac458d4a66fe7dce9
4313baac007a9c63304d8dbf34d39fd5ebea069c	ec66fe8503288d34d92a70ccfc1459cb4956c938
4316fba00665fb73401e2219d31c16aa7d43128c	4316fba00665fb73401e2219d31c16aa7d43128c
43ddcdfafdba0ce1be872d1a62a32cde8e34ed8e	43ddcdfafdba0ce1be872d1a62a32cde8e34ed8e
43eb51f7d10af0eb8bc3e4f423d59183ec820690	43eb51f7d10af0eb8bc3e4f423d59183ec820690
450e04df614e7a5d941ffbf706941da69c5b9456	450e04df614e7a5d941ffbf706941da69c5b9456
4531386fd61f66abeb9ae58f25395c01f6655699	4531386fd61f66abeb9ae58f25395c01f6655699
455f7af5070a62d6abf959cd8afa26516221f593	455f7af5070a62d6abf959cd8afa26516221f593
45de7b400d0d0117ae5915e30b9444319ea51ec6	45de7b400d0d0117ae5915e30b9444319ea51ec6
4607241671ae6c37f8cbccde9691297a4a2cda77	4607241671ae6c37f8cbccde9691297a4a2cda77
461c10d66f0941f96ef1394c31f2c9c9d933776b	461c10d66f0941f96ef1394c31f2c9c9d933776b
4673c364875d25262e5c4b039d767065a75fe0e8	4673c364875d25262e5c4b039d767065a75fe0e8
4741ebd315bfffe58b0e524ee6bd830a208db1e8	4741ebd315bfffe58b0e524ee6bd830a208db1e8
478eb198422408a50111ab95e4c25492905f484d	478eb198422408a50111ab95e4c25492905f484d
47d213edd8caf58b7b4a9095f915a182bfb79a02	47d213edd8caf58b7b4a9095f915a182bfb79a02
47dfb47dd8bd4c66cbc6be3b15086a278b2e060c	47dfb47dd8bd4c66cbc6be3b15086a278b2e060c
480a054ae523ff25b6c8dafbdccc1958d27a774d	480a054ae523ff25b6c8dafbdccc1958d27a774d
480fa351760953be0fdfe46692cfeb9d969e1505	480fa351760953be0fdfe46692cfeb9d969e1505
491e13c587c7e9b30ff689276e6753efd55b57d9	491e13c587c7e9b30ff689276e6753efd55b57d9
4a00cfa560a37e19cac6465b72c952fc212a5cb9	4a00cfa560a37e19cac6465b72c952fc212a5cb9
4ad9bf79239c703a747fc2d0c9215661431adb45	4ad9bf79239c703a747fc2d0c9215661431adb45
4af36173001c6fb736e7896c840bbf579a23e20b	4af36173001c6fb736e7896c840bbf579a23e20b
4b2aba6cfdfc5bf64d25fad2250dc189ca3537d4	4b2aba6cfdfc5bf64d25fad2250dc189ca3537d4
4b9733f578e6cf2dbcb7e1e28f4ba7c3c91011d5	4b9733f578e6cf2dbcb7e1e28f4ba7c3c91011d5
4bdf8f885c610e3cfab2b55ebc5a484904c6d36d	4bdf8f885c610e3cfab2b55ebc5a484904c6d36d
4bed9c054413cf1e064a529bd23349c598e50c9d	4bed9c054413cf1e064a529bd23349c598e50c9d
4c63cd306d19430e0b59393fed95560e04955d1b	4c63cd306d19430e0b59393fed95560e04955d1b
4caa2ddabae8cead8f35efc71656d17aabd28c01	4caa2ddabae8cead8f35efc71656d17aabd28c01
4e11850a416e3a20bde87e10ebd8ff01ec6fa29d	4e11850a416e3a20bde87e10ebd8ff01ec6fa29d
4e401aefbfeaf8b206cdd9e7bb2de4b8a4cfe658	4e401aefbfeaf8b206cdd9e7bb2de4b8a4cfe658
4f65f25f3eb88ad2ba0be46bbc012a9084703fc0	4f65f25f3eb88ad2ba0be46bbc012a9084703fc0
4fc3f1ac0be641edb11c6eb36e3be6d4c13e3ae0	4fc3f1ac0be641edb11c6eb36e3be6d4c13e3ae0
4ffcc6aa51c5452971f67e6c26791463bc662f0f	4ffcc6aa51c5452971f67e6c26791463bc662f0f
505e2bacbf309d57387ddeb2113e68fa1f124af3	505e2bacbf309d57387ddeb2113e68fa1f124af3
5060f2d4b7cd098d8d0e213b078ce62e210a0a90	5060f2d4b7cd098d8d0e213b078ce62e210a0a90
50e87713148063448ac504dada4e2dcf7f731018	50e87713148063448ac504dada4e2dcf7f731018
5129e6fcef92fd15190353ee25a7ea2d99d7882a	5129e6fcef92fd15190353ee25a7ea2d99d7882a
5172d3bd64047857d85edc529598105b161e9273	5172d3bd64047857d85edc529598105b161e9273
519ae2c337b0b9b2efe4f8011eed89120f2c6c05	6d6427ddcbc9050dd40779f7d07f13959dfd23dc
51d51df0d771100483af91f9e55b1a25228e0db7	51d51df0d771100483af91f9e55b1a25228e0db7
52ba4a0357624fa36b7dc367f607c41a29eb6d8e	52ba4a0357624fa36b7dc367f607c41a29eb6d8e
532bcf88c5591a64d4ee3c8044f5fb85ae929fb3	532bcf88c5591a64d4ee3c8044f5fb85ae929fb3
537e5fdc6c8440cd7173e7adc7ff0ba13d1b087a	537e5fdc6c8440cd7173e7adc7ff0ba13d1b087a
53a9a9f1236f4c1633a85f728a119b53059c5f1d	53a9a9f1236f4c1633a85f728a119b53059c5f1d
53ecee882687663751a6469510ee29d5749c6720	53ecee882687663751a6469510ee29d5749c6720
548d64d9534797da04251efb76d593de539efbd7	f90c2bf43a58e10861d18e7222cba42009499f31
548fdccb1d5c4c3c901247ac06c1f7e9e4768316	a2f39aa9338a0fa7024da7e58201a3ab49fb0af7
54a190c37b93767fa5923f1ad92b44e259d3f257	54a190c37b93767fa5923f1ad92b44e259d3f257
552f2c95c8960ac4e96d299901909d668f525d1b	552f2c95c8960ac4e96d299901909d668f525d1b
55598adfa50e0c9d6e9ce8c8043538f9f5cb1e37	55598adfa50e0c9d6e9ce8c8043538f9f5cb1e37
55c63d83ae834c011bfae353a6a6cb101ff8a4c4	c19556aa56afd9ebe9503c18674e7b18ed4df904
560a488f3b8c7f06a95e692955d8624e2caada5b	560a488f3b8c7f06a95e692955d8624e2caada5b
560e286a105b4a9cfb907b3e4becd13d7946ce29	560e286a105b4a9cfb907b3e4becd13d7946ce29
567fc3ed407dc577518b6ec779222d778f9eaf35	567fc3ed407dc577518b6ec779222d778f9eaf35
56978391df7844e62adb4d6308cf49ff073cc8d4	56978391df7844e62adb4d6308cf49ff073cc8d4
570947e7addb1f6d1b4a8bea54ed3d019258f7a2	570947e7addb1f6d1b4a8bea54ed3d019258f7a2
5710d90ef16a3bd36e47e392413f81864416798c	5710d90ef16a3bd36e47e392413f81864416798c
577cccfd3ca21702329a3f5d5af63093fd412a2a	577cccfd3ca21702329a3f5d5af63093fd412a2a
57e6f9aabf22a4501fe730a95c11db0129dfb007	0e238629b74ba1657509ceb407501e2f82a73fe1
5849d590900bca31ee1395225d4e4d81dd555491	5849d590900bca31ee1395225d4e4d81dd555491
588e405fe31194b2fda536b781310a33e6b55fba	588e405fe31194b2fda536b781310a33e6b55fba
58cff69e0b610780fb21cad3ba03cc49eb54bbc8	6fe4321d78616026f43b3652807904fad2bfcbf6
59e405c31fa38d89a26b491691e293f40afe34bc	59e405c31fa38d89a26b491691e293f40afe34bc
59fb66ac494033163c42364d1f95eacb4106d00b	59fb66ac494033163c42364d1f95eacb4106d00b
5afc489aef8b36a721fe03423ccaab374eb52837	5afc489aef8b36a721fe03423ccaab374eb52837
5b72b44a36da44aca32fe21f6789c0eb3cebbd8b	5b72b44a36da44aca32fe21f6789c0eb3cebbd8b
5bd17e1f1c50805e76904efd021603cb6a1b6e23	5bd17e1f1c50805e76904efd021603cb6a1b6e23
5c53389540ad05c40f2989235cda3fc793e1902b	5c53389540ad05c40f2989235cda3fc793e1902b
5ca7dff7b8a74aed90c53e6bc0508b5e4f4a1491	c2fa5ae4f0c556a22be51c6dca6586d318c0c512
5cab2035143bca4dac1870460846b313d9f7cf62	5cab2035143bca4dac1870460846b313d9f7cf62
5ceb935b1b27688f196a8f5fa89d677f62a3b89b	5ceb935b1b27688f196a8f5fa89d677f62a3b89b
5d34dcc0d97fa0899c24ab67cbc97b173aa31b48	5d34dcc0d97fa0899c24ab67cbc97b173aa31b48
5d65ab1ca435373b211ed15ec571b994cd2ce194	aa4c5a96cea324e227ba53e81c9950b31e7b8d55
5e67115deaec53f8cfa74641204ca05fae64b04e	5e67115deaec53f8cfa74641204ca05fae64b04e
5e7173021fe5c07633fe1f938b422a1ad1354b41	5e7173021fe5c07633fe1f938b422a1ad1354b41
5ef015cd9b2c7ad7236606ba5fa0f45ccbab0e7f	5ef015cd9b2c7ad7236606ba5fa0f45ccbab0e7f
5f09c90c090affa0705db60c2cde8583e415d0a3	7dc9e144f5dd9e8da63f0dd020533e60cc369e95
5f3094ca6e8d07912960e9235b25ccbebadaa6a6	5f3094ca6e8d07912960e9235b25ccbebadaa6a6
5fbfdf690d7bc99a380099a0aea4b96f28c5a793	5fbfdf690d7bc99a380099a0aea4b96f28c5a793
600882108d0c00b7e12e7b703569d530933afa23	600882108d0c00b7e12e7b703569d530933afa23
60efd798209f65a48d05b3f2b66fb318282a03f9	60efd798209f65a48d05b3f2b66fb318282a03f9
60fbe5f78a5c9026b0b878eebbf1d7063505c191	60fbe5f78a5c9026b0b878eebbf1d7063505c191
617ef157a7ea3d7bb4f09655eb4772fbb6dbf476	617ef157a7ea3d7bb4f09655eb4772fbb6dbf476
61b8fd1b9197121970a12106c4d101b4b51a5479	61b8fd1b9197121970a12106c4d101b4b51a5479
624b80dc42d8dd0e53ce83821a8638d293a5e0ef	624b80dc42d8dd0e53ce83821a8638d293a5e0ef
636bee276420d0f5671ebff9bfb24dae8ab43a59	636bee276420d0f5671ebff9bfb24dae8ab43a59
63b06d3b9a06ef0a765b342a7ee41401956ccbb4	63b06d3b9a06ef0a765b342a7ee41401956ccbb4
63e039ce4c6efc82396f21235d62ef5edee68f03	63e039ce4c6efc82396f21235d62ef5edee68f03
63f985cfef7466a5d332d1be1cca3e900009d6da	63f985cfef7466a5d332d1be1cca3e900009d6da
6486154ee804a07437696f10c40bd7a86bcea8c4	6486154ee804a07437696f10c40bd7a86bcea8c4
65f153394b92fde1841bf35e2af1e31184b1243d	fa7aac408a928b5eb356b07f6de07ffafb455922
661da43a021b78a3546f762a85de61b0318ce53b	661da43a021b78a3546f762a85de61b0318ce53b
66adea226d5427af000077ac63f681056e24ecc2	66adea226d5427af000077ac63f681056e24ecc2
66ed152b10ed7cafe3db8bc3c3a12cfc9d5951aa	d16967d185cc04f9988a83ee20a48d21b64872f6
67395f8e6cf021652038bcc6d27a2f3dc8004cf0	67395f8e6cf021652038bcc6d27a2f3dc8004cf0
6770b8aa1eb8a0ec4d3b20ad80975870d22e5500	6770b8aa1eb8a0ec4d3b20ad80975870d22e5500
67b55ced9992491718fc55a5aca4d9c1957ac40c	9d558db96f1c693a823366478b99c2464a766b52
67b62cd53b915af3454831d16b38ec24d8fedf2e	67b62cd53b915af3454831d16b38ec24d8fedf2e
67d67814a2d5e4273329258d0ce78b9e7d9a5e4c	67d67814a2d5e4273329258d0ce78b9e7d9a5e4c
6845f13ce7b5eaa810ec454d52852dbe54aaddd5	98eed43976c65a9265eedcb3ad5d4dd261ea90fb
685da8b0ac15c19e364d4feaecab14416069f91b	685da8b0ac15c19e364d4feaecab14416069f91b
6864f7fa4cfaaccee6c393e5eb14ebbb43a42d1b	6864f7fa4cfaaccee6c393e5eb14ebbb43a42d1b
68a95f0ea1e7eea08553816edf80022948258284	68a95f0ea1e7eea08553816edf80022948258284
68db07b48e12eb88c8da8d6d417ea9e6711c68a3	68db07b48e12eb88c8da8d6d417ea9e6711c68a3
690d97d0bb0b6f7797cc8b697953948dd0373f3c	690d97d0bb0b6f7797cc8b697953948dd0373f3c
69e2b61feeee1e745c7fc5fc724bcc13ee88e770	69e2b61feeee1e745c7fc5fc724bcc13ee88e770
69e90046a43b44132318d4c637340af0f78eb212	69e90046a43b44132318d4c637340af0f78eb212
69f9fa005fee3e251307e9596a2ca718e8927a14	69f9fa005fee3e251307e9596a2ca718e8927a14
6a39b40a96ad54bff217e252f26b1778ec3a816c	6a39b40a96ad54bff217e252f26b1778ec3a816c
6a8adbfcc07c0759fb946b4079e5f04f7cf093fa	6a8adbfcc07c0759fb946b4079e5f04f7cf093fa
6b25bae995eaf64119de8a60fd872bfb4d3fec59	6b25bae995eaf64119de8a60fd872bfb4d3fec59
6b4291689c29fe9a7a997fa68f4695713cd0ab01	6b4291689c29fe9a7a997fa68f4695713cd0ab01
6cd8f386f35c9038213475ee61c4d0b90137ef8f	6cd8f386f35c9038213475ee61c4d0b90137ef8f
6cde47a1dc4c00b3e3a61fe6f7bcfbb0067bec89	6cde47a1dc4c00b3e3a61fe6f7bcfbb0067bec89
6d71babd1c6b0b30c30b7a0304f5cf060b6138f2	6d71babd1c6b0b30c30b7a0304f5cf060b6138f2
6e290ecffd06ecf9a8ea102f4a1d8ede67c34d6c	91800207d53475fce30d4ca07c56e312d34a7ecd
6e81245c0c5fe1da14f1a15dc6977025a37537dd	6e81245c0c5fe1da14f1a15dc6977025a37537dd
6e87d935d4f36fed3ac355004114fafcc825fc53	6e87d935d4f36fed3ac355004114fafcc825fc53
6e92241d9c85649a0b96e51cf8c0c0c9d2eb17c1	6e92241d9c85649a0b96e51cf8c0c0c9d2eb17c1
6e97125b9cc4f413690684f109c1d5bd9d8c2e79	6e97125b9cc4f413690684f109c1d5bd9d8c2e79
6eb7b958c9f07f22ce5807f447096a2252a01a1a	6eb7b958c9f07f22ce5807f447096a2252a01a1a
70059f8f6bc918ba4079e84bf0090ab567241835	70059f8f6bc918ba4079e84bf0090ab567241835
7048db2e1040d2a4b512a85d74059769358598d3	7048db2e1040d2a4b512a85d74059769358598d3
710a6403376d8684a3608a1a155c6488bbb05d9f	d8e5d6ce9b0e0e1ddd30765c458d3719e30bd045
712b48a887e3cfbf9fd70bf4004b1a708bec5e03	712b48a887e3cfbf9fd70bf4004b1a708bec5e03
723a6d5fb603c5a502bd1035a9efb45e7151feac	723a6d5fb603c5a502bd1035a9efb45e7151feac
7316edb040389f93ba72e1587c745916aba5d85e	7316edb040389f93ba72e1587c745916aba5d85e
73583c9fa1e4f5240414298a80a71611067200df	c3d11afc80c80dd4e749dd6a4b0cc5431bb79500
73cc0f35a23cf9023f0a9e4a944d3a93041c878a	73cc0f35a23cf9023f0a9e4a944d3a93041c878a
73ec0c22248624f4de40ff82372be35832f88cb7	73ec0c22248624f4de40ff82372be35832f88cb7
748236de3572c8ca21856caf583dc5faee800861	748236de3572c8ca21856caf583dc5faee800861
74f2801433398c6fa05c61b8fb7392e8fcb6ee85	74f2801433398c6fa05c61b8fb7392e8fcb6ee85
7556c47b29769ac807f3cd2e117182befb6b2838	7556c47b29769ac807f3cd2e117182befb6b2838
75be4a3d4875c63d85890564c2ed04c43aa8a572	75be4a3d4875c63d85890564c2ed04c43aa8a572
75e7722ddb5a522732e01f7893547409ce705962	75e7722ddb5a522732e01f7893547409ce705962
76bdad7deb0d5ce48752af82da0bb96ad6424bc9	221460454ecc119daa2529c51ad647a93640d190
7730851cb73fd10c5d5cdbc718d7cac45153d68e	7730851cb73fd10c5d5cdbc718d7cac45153d68e
774eee12bc43c376bd9e510073346149d7669df6	774eee12bc43c376bd9e510073346149d7669df6
77663b249653275b960c4867a900a0a245627253	77663b249653275b960c4867a900a0a245627253
779b372694b840e6374297626d71166bdacd29ce	779b372694b840e6374297626d71166bdacd29ce
7820fe293dda3f94129c7192fa9df6b6a545f0ab	7820fe293dda3f94129c7192fa9df6b6a545f0ab
78967af2298a1570cd3bd9d70f2f20b5acc53208	78967af2298a1570cd3bd9d70f2f20b5acc53208
7a6b89200c74a336accd068cc93325cc36b7418f	c59fdd6fd7b5726f6ce8e58f73db0826b21fd3c0
7b01bc74f60bbd37d4a0eb27089a2f738baf2995	7b01bc74f60bbd37d4a0eb27089a2f738baf2995
7b045fe9cae8c906412ba13591bd91118141c31a	7b045fe9cae8c906412ba13591bd91118141c31a
7b69c877050a9d28e10774309e98610979c84743	7b69c877050a9d28e10774309e98610979c84743
7ba010ee126141cd5df67064958b8f792185705a	7ba010ee126141cd5df67064958b8f792185705a
7c8ae8171f396e147ddc8f00f63d80a0209d8456	7c8ae8171f396e147ddc8f00f63d80a0209d8456
7cd04fb4c43ef70cb9eed688b51ae7e085fedc9c	7cd04fb4c43ef70cb9eed688b51ae7e085fedc9c
7d41b617fc973d88bad8c82e43349af4277af96e	7d41b617fc973d88bad8c82e43349af4277af96e
7d6be693f878559b09b517da32a2b5b7154d3925	7d6be693f878559b09b517da32a2b5b7154d3925
7f047e0e5cf12211cdc927c1ee28b037e24fe052	7f047e0e5cf12211cdc927c1ee28b037e24fe052
7f0557d7f16ca87c00086966aade0fe3666f2838	7f0557d7f16ca87c00086966aade0fe3666f2838
7f283b6f6c153223ee511909c02d8f3521a49da7	7f283b6f6c153223ee511909c02d8f3521a49da7
8095165efe40ff8cea43e4bd23cf4994588ca87e	8095165efe40ff8cea43e4bd23cf4994588ca87e
80b40f210ac2e5441986a6dd436647bc22ec5317	80b40f210ac2e5441986a6dd436647bc22ec5317
80f75ed023abcc4dae2b6e90cacf0bd7f911eec3	80f75ed023abcc4dae2b6e90cacf0bd7f911eec3
817266a2b002cd8cb0b46f3a2803ac35c28fa562	817266a2b002cd8cb0b46f3a2803ac35c28fa562
818e4b441aa383b633648380b750cdaa57943975	818e4b441aa383b633648380b750cdaa57943975
824f0ce63ec3d699f0455369bdcbee251229ba7d	824f0ce63ec3d699f0455369bdcbee251229ba7d
8256b3850e94f948103471cb61b2812c3c8f8f1e	8256b3850e94f948103471cb61b2812c3c8f8f1e
826c238dad83e60ef33e3e11fe119ee108aa6438	826c238dad83e60ef33e3e11fe119ee108aa6438
82baf3ae605ab052a7a483a02aeaafb7f57cecb6	82baf3ae605ab052a7a483a02aeaafb7f57cecb6
830ef4328a2f72db7f754e76e425423be22e4103	776d49e8285941a82d4110bc8390d9b18a952b2f
836151fb9913d7316ffd6c9f704fc2672ab16354	836151fb9913d7316ffd6c9f704fc2672ab16354
8372cb490958de1b786bafa34081082ae34c844d	8372cb490958de1b786bafa34081082ae34c844d
83c4ca3d6baada7907403bf025c16dc47b31d184	83c4ca3d6baada7907403bf025c16dc47b31d184
8419f917c27361579561d68b5034b2a75428fc15	8419f917c27361579561d68b5034b2a75428fc15
844c9e57b9d3a3dbe10a2aed2a93c7fc8566087d	844c9e57b9d3a3dbe10a2aed2a93c7fc8566087d
846437893dbb1c5f3c3aac3db2f2041203de02d8	846437893dbb1c5f3c3aac3db2f2041203de02d8
847cdd7c8294830f766113c223204ff8669dfdbf	847cdd7c8294830f766113c223204ff8669dfdbf
84bba39b0ff63e737a526a52612861980b0f94d5	84bba39b0ff63e737a526a52612861980b0f94d5
84cc070c4cf70a1dec43d73f70319429a6dfb039	84cc070c4cf70a1dec43d73f70319429a6dfb039
850bc3b1cfc580eb72054314c79f2317bc858f35	2c8131768b475c030297eb607e1e82c187037519
851d1a250a1d1173b535e08641511949e6c19265	851d1a250a1d1173b535e08641511949e6c19265
854db086416023ea1af7caf41b3025688e54d299	854db086416023ea1af7caf41b3025688e54d299
855e474d06eaff140a3524e8beaad52dbfe06763	c93aff853c352f8cff2461fc2d359ca0611a9fa8
8581786332379c96445ac8a2246114d4628a2ed5	8581786332379c96445ac8a2246114d4628a2ed5
8593f9cfd994a3cd044c6e65d6ad5a764bca9278	8593f9cfd994a3cd044c6e65d6ad5a764bca9278
85e8c4039ff936cdeb5c5ef5284de979393f7582	85e8c4039ff936cdeb5c5ef5284de979393f7582
860b704438aa17feb010d61396c9c4fad6e17455	860b704438aa17feb010d61396c9c4fad6e17455
8674acf1418480b423e9651b4744592feb560f23	8674acf1418480b423e9651b4744592feb560f23
86b81ed43df11ee9162495911356241874051677	86b81ed43df11ee9162495911356241874051677
86cbef338353773a5e3bd000f5adff5007328788	86cbef338353773a5e3bd000f5adff5007328788
87bb25d6015935ce68e598a2c343542cfbc80bf9	87bb25d6015935ce68e598a2c343542cfbc80bf9
87d7e9938de9fedb1c4686ec54a9ed1a8caa69da	87d7e9938de9fedb1c4686ec54a9ed1a8caa69da
8806e956d9f23c67b256540bab302fcfaa35464c	8806e956d9f23c67b256540bab302fcfaa35464c
881b28a1acdebed96321920da22db6bda34bc42e	881b28a1acdebed96321920da22db6bda34bc42e
89924e5770a7c1c0ee89be8a387e7b38a1d9cf1f	89924e5770a7c1c0ee89be8a387e7b38a1d9cf1f
89d61ef3180b8c3641f4801f48ce9edeff3a6d8f	89d61ef3180b8c3641f4801f48ce9edeff3a6d8f
89ea85892736e1647334164c7e7c2505f3b8155d	fd1dc7d4104b4d749b01cff38372f50220dd683c
8a275c17bf094ad8fac1964e64aea7b27900084d	8a275c17bf094ad8fac1964e64aea7b27900084d
8a6b5f200704396ef0db617da1b81151ff4119ac	8a6b5f200704396ef0db617da1b81151ff4119ac
8aa7ed94b2e6bbaafa81d6a559e792b337327593	8aa7ed94b2e6bbaafa81d6a559e792b337327593
8b31bade65427d29d8bff4d992a089b7c8722c7f	8b31bade65427d29d8bff4d992a089b7c8722c7f
8bbbb83f247ced30cf0c5bbea46bff2cb2ad8b60	8bbbb83f247ced30cf0c5bbea46bff2cb2ad8b60
8d5c13565915fda89c2fb007c9785a10b93339df	8d5c13565915fda89c2fb007c9785a10b93339df
8dfd28a6765a16f55bd75847152bb796a06f8f19	8dfd28a6765a16f55bd75847152bb796a06f8f19
8e586bd1ee7bb7f06f669e1c5e9b83ea65446e2f	8e586bd1ee7bb7f06f669e1c5e9b83ea65446e2f
8ebe012e9ae08b18ec870be67fde92588169d96b	8ebe012e9ae08b18ec870be67fde92588169d96b
8edb2a56f7a76fce64f06603fe62a11c02ace783	8edb2a56f7a76fce64f06603fe62a11c02ace783
8efd2283c7da3ee46136c914e10b73a422ec8b21	8efd2283c7da3ee46136c914e10b73a422ec8b21
8f3f1fc2e2d0504e71d951a0e67884988f6ce904	8f3f1fc2e2d0504e71d951a0e67884988f6ce904
8f6e6b3a193b1d2552b22c4aa7e25cd40e1d986e	8f6e6b3a193b1d2552b22c4aa7e25cd40e1d986e
8fffda7927e3d0ec71c85cdbf176107a75e9bc7a	8fffda7927e3d0ec71c85cdbf176107a75e9bc7a
90246ae42f13577d14faac71efad18d89d7c0776	90246ae42f13577d14faac71efad18d89d7c0776
90b41ee0b8795c293f0e741c714db8420d96f8fc	90b41ee0b8795c293f0e741c714db8420d96f8fc
914ab5de817abfb7abfecbe8cb8f35ce5f2b85b9	914ab5de817abfb7abfecbe8cb8f35ce5f2b85b9
92372b208d2567b6dcf68f19adb50019ee80ae28	92372b208d2567b6dcf68f19adb50019ee80ae28
924a432a164d1277eeeb4ba68cbd14ec4aa2ca8e	924a432a164d1277eeeb4ba68cbd14ec4aa2ca8e
925827a4abedc46475f0f9c422638baaecb44924	925827a4abedc46475f0f9c422638baaecb44924
92ecd0ad4ddeeecebe1d79622bd94892fc2201ab	92ecd0ad4ddeeecebe1d79622bd94892fc2201ab
932e13c2234081ccf15960877e37ee94f5004cb1	932e13c2234081ccf15960877e37ee94f5004cb1
93366593e72589823ef13cc54dac4bcd44f09139	93366593e72589823ef13cc54dac4bcd44f09139
935d24dfcef500decfed0b1bca68cf71ec80753e	935d24dfcef500decfed0b1bca68cf71ec80753e
937fbadd0eeaec431e410e28ae31969a54440767	937fbadd0eeaec431e410e28ae31969a54440767
93a809145a1fec6da2ad7f684057319f57f4d80b	93a809145a1fec6da2ad7f684057319f57f4d80b
94276e1a9396993e9a9fe277873bc0cb33ea8ffd	3ad1d14fd3da8e4d951d7d1ce3eb14fde627022e
94cbba68289019cd080b0983cc777bc38fcf5d94	9e2ee0298eba51f0d332fa769bd07658deb753db
957a92b4aba6281b3ad61551592e60045ac6e4e1	957a92b4aba6281b3ad61551592e60045ac6e4e1
95ddd2759b4fce9e64b548ca3cd739f412fbcb1a	95ddd2759b4fce9e64b548ca3cd739f412fbcb1a
9620d1392ff312a41df73e9bd039fbf1432415f5	9620d1392ff312a41df73e9bd039fbf1432415f5
964f9814ef54df14b0e2f7ea7788a989479f5976	964f9814ef54df14b0e2f7ea7788a989479f5976
9711b7adebc97007d42f778347677aa7ffc99023	9711b7adebc97007d42f778347677aa7ffc99023
97b0b0d279be57fa3e68325477561e04bbb33525	97b0b0d279be57fa3e68325477561e04bbb33525
9858315d34fc28ac321a3914c4ad67ac2546e335	9858315d34fc28ac321a3914c4ad67ac2546e335
98a4da086f81b7cb159d8fe44efff2fb168e0785	d41433f9e0d2ab71004515ead789bd3d8204eaa2
9994c5cc7258891c39eff22bace2bfd2d8d0c5b6	8f0b73e62dbfd0508af4d9538f00586e254e9e13
9a2e3f172a4aa80e98b7314379c810c7d00a1b18	9a2e3f172a4aa80e98b7314379c810c7d00a1b18
9a3b3eb0573fb3b00bba9a029588b91a4c111def	9a3b3eb0573fb3b00bba9a029588b91a4c111def
9a5ffda4820648f239c373057fb4655e10e14310	774c47ac1b253dc6107902d33f322b6fa4642432
9a8fb83116ea59a85f69bf192149dccf8d666982	5939662d1f670ffc3f47d3fce23f8e493bb271f5
9aa9fa526bd91c5436fa7df9262ae64332190c56	0f5bccef39af21daee0da43aa267b52b832a215b
9b016207adc93028b9b5f7b46006eae76feca5bf	9b016207adc93028b9b5f7b46006eae76feca5bf
9b5a3126c520ce8516bd31cd8fab90a08e120e7f	9b5a3126c520ce8516bd31cd8fab90a08e120e7f
9b64a21ca0ed258eba651086ca33a52ac8ad19b9	9b64a21ca0ed258eba651086ca33a52ac8ad19b9
9bec1848fef8d3cfacaa300bb6b8c8b90377d830	3b15edc4f8a71078e95f8838f81e39115484d8e1
9ca20e7e5acacf056977f366560e8ab123ace2ad	9ca20e7e5acacf056977f366560e8ab123ace2ad
9cdfad4bc3534e5814df93668e0a1509221aa966	9cdfad4bc3534e5814df93668e0a1509221aa966
9cf6cefec6e10371ac207e18e408b6ec42ebcb71	9cf6cefec6e10371ac207e18e408b6ec42ebcb71
9d257c585d049a22c0164b4e202810509b9d47ac	6af9e84df42812d0d20f236da0980766928f854f
9d27f069c7c10257ad70cc0af974e2c6885795fc	f83446229acdf75e6adeb84725a302e822e5bc6e
9d474b4fbf32ed564079bfd7664bd7e8c23ffdff	9d474b4fbf32ed564079bfd7664bd7e8c23ffdff
9dc66a71fc09905a6f4330dace781f9626c86241	fcf15742730d5467112c3ea40d9cbc60f4d5832e
9ded94a76291f378d6da47d7209f6a7bd38b84e0	2a8567753971e26bc14e340ab0db979175165470
9e8c9802a2f6ac9cb686099f3c8bb55a58d7d96d	9e8c9802a2f6ac9cb686099f3c8bb55a58d7d96d
9ec38716d41d45424c1bb1b5f60ffab5a587342b	9ec38716d41d45424c1bb1b5f60ffab5a587342b
9ecc860ecfaa282b78590ffc9d15232759da105d	9ecc860ecfaa282b78590ffc9d15232759da105d
a019286c6e9996755418a570170f6ad36764277b	a019286c6e9996755418a570170f6ad36764277b
a094dd498b5eb5f25429817994a731c3db02cbe3	a094dd498b5eb5f25429817994a731c3db02cbe3
a0d91b7b61bbffadc01b8ad541839d16e4e49474	a0d91b7b61bbffadc01b8ad541839d16e4e49474
a1824f1bda7e0a80e462db6544021575d2d57a10	fc9f6b4ff9f57a5958084bce224e8c4b5a2cb1dd
a236c59b93dc2177ede6897838ce624af142ef05	a236c59b93dc2177ede6897838ce624af142ef05
a24b71317da2c6be3529b40b406cacf133f3e068	a24b71317da2c6be3529b40b406cacf133f3e068
a2eae85202af865a065d9879faa087733d53f3b5	a2eae85202af865a065d9879faa087733d53f3b5
a54610ff82edf0abbb844b58fd10f94a92730396	a54610ff82edf0abbb844b58fd10f94a92730396
a55ad6db1378a0b147b2fc5b54c5dbd24adcf544	a55ad6db1378a0b147b2fc5b54c5dbd24adcf544
a578da9089effc51778ee93dec10f7c3d9d3ecce	a578da9089effc51778ee93dec10f7c3d9d3ecce
a59a0b38e235944084b29c18d70c1d97e1ff964a	6ce0eb14272bf0ae8d9c249f4eae35526bcee47f
a611b1344100de11fe55f9a3e63f1a53fb56d446	b2963b11596327ba0e1c9964c96e9a193f7e16ef
a75753ecbe7522e0174e811bea9167c450aa8a89	a75753ecbe7522e0174e811bea9167c450aa8a89
a7bf985e521e14d91780f2308bfdde6cea0528f2	a7bf985e521e14d91780f2308bfdde6cea0528f2
a7fe07df7ef0e689b052ba17523a4205c05457e6	a7fe07df7ef0e689b052ba17523a4205c05457e6
a8f9f599fa4888091f79fe28702f07de09ec18ee	a8f9f599fa4888091f79fe28702f07de09ec18ee
a95474e3ee2e59c8ba67bab511e9dbd13a43f32b	a95474e3ee2e59c8ba67bab511e9dbd13a43f32b
a97dfe225095157d68b34bba4619e73ed2f44aaf	a97dfe225095157d68b34bba4619e73ed2f44aaf
a987d00a0cb5eb8d8856f536ddb8d901bb9a23be	a987d00a0cb5eb8d8856f536ddb8d901bb9a23be
a99e62721fda522cedbf3f835a09ea174221545e	a99e62721fda522cedbf3f835a09ea174221545e
a9e00a9e7736efb588d88d80982206cca5902df0	a9e00a9e7736efb588d88d80982206cca5902df0
aaa0a809ed61a2169a3751dd3bdc7dd812ff2d59	aaa0a809ed61a2169a3751dd3bdc7dd812ff2d59
ab051c3a750435d48b213bb593c4953275a80152	ab051c3a750435d48b213bb593c4953275a80152
ab48f22d60633953f173792b2e6e092c303a94a3	ab48f22d60633953f173792b2e6e092c303a94a3
ab5879fb00a80511fccb565a04ea5777d5c6554c	ab5879fb00a80511fccb565a04ea5777d5c6554c
abab51fd97255aa004f3017500992d63a0287626	abab51fd97255aa004f3017500992d63a0287626
ac1d8ce17b32f0124059d29b8d3138ff83b91db4	ac1d8ce17b32f0124059d29b8d3138ff83b91db4
ac2692de83a71add17cd83c2a0dc580668203e15	ac2692de83a71add17cd83c2a0dc580668203e15
ac2ae4f3d32241d2e9c66cd56dc2cdd12d357b72	172e14095fdbe2a6524b9b12460fbf7d93065675
adba6823098c1170925825150f619c7fc7339cbd	adba6823098c1170925825150f619c7fc7339cbd
ae75498bd11c8709034b550b035326484ece2fa1	ae75498bd11c8709034b550b035326484ece2fa1
b04fe5de4202a80dcf1cc1e381ee25a8d538ecd5	b04fe5de4202a80dcf1cc1e381ee25a8d538ecd5
b06aa630e2b3179cc880fdd30948d2df4a4ac438	b06aa630e2b3179cc880fdd30948d2df4a4ac438
b07e478e7e98f074a366de917c4bb515f6f787eb	b07e478e7e98f074a366de917c4bb515f6f787eb
b0c1bfbcc07f5fd940e85ff31dc0331d71f7949e	31df6a2abfcea80009a8e039bfad1ecad09cc920
b1100347be48af5a23e61a0ee282815cf589466b	b1100347be48af5a23e61a0ee282815cf589466b
b1120d6838984ef974c79a4cdb191c08f39efbd0	b1120d6838984ef974c79a4cdb191c08f39efbd0
b219427b7835ad623f15ebeb305a5728a26f9719	b219427b7835ad623f15ebeb305a5728a26f9719
b2952bf0df7e25532ed78f5cc70576e8541c4d62	b2952bf0df7e25532ed78f5cc70576e8541c4d62
b2d0909328645222e3ceb571a87239e8152d57a1	b2d0909328645222e3ceb571a87239e8152d57a1
b39f0d718e8d55e8a8db6587f1839f867c301b61	960a30372ddca83e26a1a3c3196c7ca3d8db2a9d
b3fad7408706678938413dedbea093f007525b84	b3fad7408706678938413dedbea093f007525b84
b409c86ba08309243c7148342a5bebcb851863a7	cf2d2c3775f20376e0871577780d5962968c9762
b42ac44bcde807616724c58b2050662178a32aa7	b42ac44bcde807616724c58b2050662178a32aa7
b49ef6c6fe5ceca807ce5255ffd5c39fcccc4598	b49ef6c6fe5ceca807ce5255ffd5c39fcccc4598
b4aa4d15a0f57ef774ec458143a9913f779d6945	b4aa4d15a0f57ef774ec458143a9913f779d6945
b51d39fbf84de28cb4e025f4fab7f8e696ea01f2	b51d39fbf84de28cb4e025f4fab7f8e696ea01f2
b5da1f219a12be2807a20bfdd594a8b40cb1f01b	b5da1f219a12be2807a20bfdd594a8b40cb1f01b
b602fda20879c38ae43b2256027f9318de14c1fa	b602fda20879c38ae43b2256027f9318de14c1fa
b62de826c92a069b24143dcc5416ef0d2ee3cfbd	b62de826c92a069b24143dcc5416ef0d2ee3cfbd
b690248d41cabfeb600665b2bb00318b571ed913	b690248d41cabfeb600665b2bb00318b571ed913
b6eaf37f320040cac4d7044c05af66ba69dc06d7	b6eaf37f320040cac4d7044c05af66ba69dc06d7
b7354d2a474a5118178ba865833aa1fe71101e6a	b7354d2a474a5118178ba865833aa1fe71101e6a
b75d1205894af3874751bd86e028653af54d73f5	b75d1205894af3874751bd86e028653af54d73f5
b7ca7e1ff70e10d64a0a5a42f1b8235e72e48bb7	b7ca7e1ff70e10d64a0a5a42f1b8235e72e48bb7
b89a90a51909a498a314dc8657ef2253859f3cbe	b89a90a51909a498a314dc8657ef2253859f3cbe
b956460cc96d2162b547e937632559fe571d8dad	b956460cc96d2162b547e937632559fe571d8dad
b98c2a2dcaafcf3bdb724241e50474d637aa7cd5	b98c2a2dcaafcf3bdb724241e50474d637aa7cd5
b9b795324d627ba164262d31dd370e0fa809907b	b9b795324d627ba164262d31dd370e0fa809907b
b9de5fcdad1a79af9909d23edfecbc81ecc9672f	b9de5fcdad1a79af9909d23edfecbc81ecc9672f
ba7eba0978e4748497f9390a852f02fe70eb6fab	5c4186a753e8a05a41434990693f9f12ee275c78
bb0c665b219065967dc66a16e7192f833824b658	bb0c665b219065967dc66a16e7192f833824b658
bcb3bd05269c1a353789382af6ef3a29e54b7b5b	bcb3bd05269c1a353789382af6ef3a29e54b7b5b
bcd9e723bbf88ae87f41caeb8dc168bca092f80e	eeac8855b73b0ac75cac3f122b239adc573ab400
bde2c4815f4abfc1f9884e9c3944735deeed3d83	c2d1ba6f66a1c7a9c4071d76c7e8c0376d4a6270
be08c2d40ebfba3e7223f70e0f5ec68bfb37cf43	be08c2d40ebfba3e7223f70e0f5ec68bfb37cf43
bef82e5d9dc380bc693f392902bc4b445eecd398	bef82e5d9dc380bc693f392902bc4b445eecd398
bf415ed15b860eb6a27c7e41c075c54f770cf4bc	bf415ed15b860eb6a27c7e41c075c54f770cf4bc
bfae352b806e589b17d90fb415d6030670ff5910	bfae352b806e589b17d90fb415d6030670ff5910
bfb950309dcb9ccc94bbd2063cabf38612e3437b	bfb950309dcb9ccc94bbd2063cabf38612e3437b
bfdc5f41f1368ffe22166728c9330eae9511d609	bfdc5f41f1368ffe22166728c9330eae9511d609
c072a905e4d959fc54b88f89be329ea21808bb18	c072a905e4d959fc54b88f89be329ea21808bb18
c10a4c3053a8f0ec9d543579cf566445905c027a	c10a4c3053a8f0ec9d543579cf566445905c027a
c13b7cc9867b74d9e688ba052bc668b4065d03de	f7561d365ff8d35d3951a848d2a892d61cb603f8
c1f625c9bc898d63f4c1c1d530186332c428062a	c1f625c9bc898d63f4c1c1d530186332c428062a
c1fff8bc9d23586ec3a965be667242d9d9d0c895	c1fff8bc9d23586ec3a965be667242d9d9d0c895
c201171f4e0db95698dfd23fb8e1063ef26a5d88	c201171f4e0db95698dfd23fb8e1063ef26a5d88
c35eff209ccf1e6691e13476676212577aff46e2	c35eff209ccf1e6691e13476676212577aff46e2
c3f8e555d4d6204dfda94f848a4bc23732897b8f	c3f8e555d4d6204dfda94f848a4bc23732897b8f
c40d5f15cbc9e33bc95ca49da724db3597a7f9e9	c40d5f15cbc9e33bc95ca49da724db3597a7f9e9
c427ed874e2725e148a0ea74bf4c0ec44321d513	c427ed874e2725e148a0ea74bf4c0ec44321d513
c46a0541c9b22c9f6547639490485575b2a057b0	6c491b5ec069bdcf8400249d67a01e18f4bd24b7
c4746b686dc4300ae78796f16f2265696428b4fe	c4746b686dc4300ae78796f16f2265696428b4fe
c55b92c906e417d7681447ea75227c849c4187ba	c55b92c906e417d7681447ea75227c849c4187ba
c5947019e9288c95b809d84dbf8799fecae6c4b5	c5947019e9288c95b809d84dbf8799fecae6c4b5
c5a8ca7e37ff9d8ab49ce62dbc390abf001ef420	c5a8ca7e37ff9d8ab49ce62dbc390abf001ef420
c5b7eb3ed232624f34ea5bbbf57708c57b4dce47	c5b7eb3ed232624f34ea5bbbf57708c57b4dce47
c5c4994b3bc8b64b76984a3c064e0b9131e26c82	c5c4994b3bc8b64b76984a3c064e0b9131e26c82
c68c29966f0e45d46d035c22fd33689c82ea1952	c68c29966f0e45d46d035c22fd33689c82ea1952
c6d9e3ba0522689ef6d65e18f9355524ef134e4e	c6d9e3ba0522689ef6d65e18f9355524ef134e4e
c7ba742aff933ac72191ddc951dc9b4c66d98aeb	c7ba742aff933ac72191ddc951dc9b4c66d98aeb
c96357134f4f80bd62661d7d2352355536accdb0	c96357134f4f80bd62661d7d2352355536accdb0
c9d8ae058bfdf04d45bc5f99a164a460f759a6a7	c9d8ae058bfdf04d45bc5f99a164a460f759a6a7
cac1ff5469ff247d52aba63122980720decbd82b	cac1ff5469ff247d52aba63122980720decbd82b
cace232475e365fa8eb8bab0a027d6bb1adda5fc	cace232475e365fa8eb8bab0a027d6bb1adda5fc
cb6849c537d8891135e34a28734a529cc298bd81	cb6849c537d8891135e34a28734a529cc298bd81
cbcdef884a1777ba8f77ca824b45d6525488b4b5	cbcdef884a1777ba8f77ca824b45d6525488b4b5
cbdc8f8ecee597064bdbf22e507fe5fda0255ff9	cbdc8f8ecee597064bdbf22e507fe5fda0255ff9
ccbc423e7a013cad984793196a973b48f2c1bf23	ccbc423e7a013cad984793196a973b48f2c1bf23
ccd90a8d27a1208d3dc4bd849506cc73259e0981	ccd90a8d27a1208d3dc4bd849506cc73259e0981
ccfc5109d38369a95a01cb9131f58f7b18cc2ede	ccfc5109d38369a95a01cb9131f58f7b18cc2ede
ce782fb29fc237ea8adce3cbda999899a236a9b5	c0e39d0ce439b3f8c7c986fa7a6d3416cc190e3e
ceaecfa123956a6ee56c6cf3c86a650460e49f72	ceaecfa123956a6ee56c6cf3c86a650460e49f72
cf0d4aa0276f1dc03ab205964f4f805318f8c07a	cf0d4aa0276f1dc03ab205964f4f805318f8c07a
cf9ac497a0a40ff9e85ea9a751281ac7b40e8a88	cf9ac497a0a40ff9e85ea9a751281ac7b40e8a88
d0116af8065c973d49fc62722819ebd94a730400	d0116af8065c973d49fc62722819ebd94a730400
d027c1277369e28b3b04509791abeb43a0cdc03d	d027c1277369e28b3b04509791abeb43a0cdc03d
d0334577c3f990598c1d213ea996f1d3c7b501ad	d0334577c3f990598c1d213ea996f1d3c7b501ad
d0c57d408c76585147a5797371780823fa8de08f	d0c57d408c76585147a5797371780823fa8de08f
d1e8d10896de9a4c61bd4f2473973f128ef13686	d1e8d10896de9a4c61bd4f2473973f128ef13686
d2335ebd8239f598b05626877e93ed6077256b07	d2335ebd8239f598b05626877e93ed6077256b07
d26c0d4c3491a39616a3fc4bef800e166ae06167	d26c0d4c3491a39616a3fc4bef800e166ae06167
d32678df06bd2aa2472df9b3b01121b7bc0394b1	d32678df06bd2aa2472df9b3b01121b7bc0394b1
d37ad5da8c541fe15603ddcc0f9ec419ef535910	d37ad5da8c541fe15603ddcc0f9ec419ef535910
d389ea326392c3d2952a307520b47cda727f5001	d389ea326392c3d2952a307520b47cda727f5001
d4eb5a9e5e111d2b211e4fae24059c92561a4739	b98eddd4f658e73a4ab9d05c28d51cbedb3aff94
d4ecc759a045dc10a57733413c4c4fa2377dbf97	d4ecc759a045dc10a57733413c4c4fa2377dbf97
d5359b7d0c58ebae5068eb61b12ae2ac460e3272	d5359b7d0c58ebae5068eb61b12ae2ac460e3272
d552d9ab45647409c94ade3ac4c003ae7785d519	d552d9ab45647409c94ade3ac4c003ae7785d519
d5836636af5ca8259940f500bf2634f10dd00439	d5836636af5ca8259940f500bf2634f10dd00439
d5b33c686e968f424aa983ac77af2a94aaf87d87	d5b33c686e968f424aa983ac77af2a94aaf87d87
d5bdd97cd7fa744f37f6630a7447763dfac8cd73	d5bdd97cd7fa744f37f6630a7447763dfac8cd73
d62cc7737f47acf0caa018ffc3fb5354a9a45b6a	d62cc7737f47acf0caa018ffc3fb5354a9a45b6a
d68adbefdbc33825ba69b44e978e63706eaf9ef8	d68adbefdbc33825ba69b44e978e63706eaf9ef8
d6e244e11e16f39e930c997f6ee18a5ac99382c0	d6e244e11e16f39e930c997f6ee18a5ac99382c0
d72e3595d611486396686f7ab56283fd24f9ddd0	d72e3595d611486396686f7ab56283fd24f9ddd0
d7c561f05039c8c5a5e2e698939868aafc8e73b9	d7c561f05039c8c5a5e2e698939868aafc8e73b9
d7f5b552f23e3f7168a0b7d30174190f46323e58	d7f5b552f23e3f7168a0b7d30174190f46323e58
d8e3009ed8de61048d6df81364f6e7f428db9a8c	d8e3009ed8de61048d6df81364f6e7f428db9a8c
d8ec11ec54debc3d7bac482d470e444c2b40357a	d8ec11ec54debc3d7bac482d470e444c2b40357a
d9758ea8b7b0bbe0084b759a9799fb9bdb998c74	d9758ea8b7b0bbe0084b759a9799fb9bdb998c74
da05c6e7a7b158dfa1158c026abbc553ad366a60	da05c6e7a7b158dfa1158c026abbc553ad366a60
da19c8cba8aab17ec529e03017b362ecc462262d	da19c8cba8aab17ec529e03017b362ecc462262d
da7e32e41d17a682b681478a273a1b44e66f8cfc	da7e32e41d17a682b681478a273a1b44e66f8cfc
da883d9017b4ba70c23eaf98a284e1ab3492701b	da883d9017b4ba70c23eaf98a284e1ab3492701b
db09cffeb52b96537b6728f39c2556fa24fa2556	c7463efdf7b725f11cb61d92d3a97133721683f1
db21c154bfd473801fd529d927dd27e456359e3f	db21c154bfd473801fd529d927dd27e456359e3f
dde273230732e1d7110cc5a964b26d858d0251b3	dde273230732e1d7110cc5a964b26d858d0251b3
de5470ae87b1dc7a4634069daab53da28c3e6d99	de5470ae87b1dc7a4634069daab53da28c3e6d99
de54d9b26a4d044f1b82a533e10bb9413ac5d2ff	de54d9b26a4d044f1b82a533e10bb9413ac5d2ff
df293b89206ccced7b5d2ab061004aab5302d927	df293b89206ccced7b5d2ab061004aab5302d927
df39e2a93d343cead2c2baae7f777e5d5a5210ba	df39e2a93d343cead2c2baae7f777e5d5a5210ba
df42127865154ad92d0b70d59c7edbfb59470b12	df42127865154ad92d0b70d59c7edbfb59470b12
e006b5b08fe086f7ea73cec73c274316920011cc	e006b5b08fe086f7ea73cec73c274316920011cc
e0451647b688d784366917d7a5e9d49a95374e5c	e0451647b688d784366917d7a5e9d49a95374e5c
e07fa3d05da76af83eb32ac9cedd124871af9900	e07fa3d05da76af83eb32ac9cedd124871af9900
e084822e5b5c353d265bce24444e13ed72be4747	d0fc8444c034b06e82f8c597cb1b3c3ebdf9b4e1
e1c043c0bf9b35d5533924ad91044523cd0c8e48	e1c043c0bf9b35d5533924ad91044523cd0c8e48
e2435e2605aee7130c42d9a977bde360f2e2af52	e2435e2605aee7130c42d9a977bde360f2e2af52
e26862e48a8b18d68772b3267276ee7c4152763f	e26862e48a8b18d68772b3267276ee7c4152763f
e37d54df00f58e091d5a0042e645c1d086d50315	e37d54df00f58e091d5a0042e645c1d086d50315
e42cd8e2de36ab3de2d2b56b11be9ffa2ac105d3	e42cd8e2de36ab3de2d2b56b11be9ffa2ac105d3
e4645baeb451b2a34a62d83ada0488e1cd175099	e4645baeb451b2a34a62d83ada0488e1cd175099
e47e3a1fe713571ab5be65b803a97b98614fefb5	e47e3a1fe713571ab5be65b803a97b98614fefb5
e4b147543e194a70351a8569fcfc89ee924e56d0	e4b147543e194a70351a8569fcfc89ee924e56d0
e4c35083e313082d34eb67324f10234b5785ddbb	db3aeadcc0e73dad76df09d654830783ff84888d
e4d29aa9708987549d81c69cc7380d8f3551bcde	e4d29aa9708987549d81c69cc7380d8f3551bcde
e5377e791c46e8c0d85cee3e6be9aaec12382ca2	e5377e791c46e8c0d85cee3e6be9aaec12382ca2
e59bd2cef2d734b372799f37b4e07578657e2611	e59bd2cef2d734b372799f37b4e07578657e2611
e5c6c213925cd970ca75943a16d4798ef43a1369	e5c6c213925cd970ca75943a16d4798ef43a1369
e6cb2e89485bc0380de69deb5090b82d9e97b6fb	e6cb2e89485bc0380de69deb5090b82d9e97b6fb
e79d3b796be332649b536049bbda418928981579	e79d3b796be332649b536049bbda418928981579
e836e2c2e657dab45a115ed40a2ab68e280b8514	e836e2c2e657dab45a115ed40a2ab68e280b8514
e87c4cc83dadef8beb6dedd71669b5903db3bcc4	e87c4cc83dadef8beb6dedd71669b5903db3bcc4
e8851a40408fe3c526ad82fcc496b847147d397c	e8851a40408fe3c526ad82fcc496b847147d397c
e8abb72cb4926aa7b78d00e8924c69b76512f111	e8abb72cb4926aa7b78d00e8924c69b76512f111
e8c94fc5c9a14021e05cffaca9862912f33bf13f	e8c94fc5c9a14021e05cffaca9862912f33bf13f
e92dff33d799369e5b1919e2e1240bab34ab43b3	e92dff33d799369e5b1919e2e1240bab34ab43b3
e9a089385d9a2afc45a22c61b4aac31edd3cac45	e9a089385d9a2afc45a22c61b4aac31edd3cac45
e9e5680c5ac7f3075b7dc0912a322c1bc0045c12	e9e5680c5ac7f3075b7dc0912a322c1bc0045c12
eb1cc29ced25c3d742f59a01bda1172e92da26cb	eb1cc29ced25c3d742f59a01bda1172e92da26cb
eb30db9bc293199189a9c1756acd35db9ea73e22	eb30db9bc293199189a9c1756acd35db9ea73e22
eb4896330b534858f5a02b460d7f14e38b9b9e1c	eb4896330b534858f5a02b460d7f14e38b9b9e1c
ec1818b8e029b26f8a3e99755dcd75a45d1dd84d	ec1818b8e029b26f8a3e99755dcd75a45d1dd84d
ecf36897906102675a42c5600ba2c17700c7ac6e	ecf36897906102675a42c5600ba2c17700c7ac6e
ed30705d4add7618c2210dd40c075870424f864b	ed30705d4add7618c2210dd40c075870424f864b
edc3cd6c296c00884370d5eec8a58611974c429a	edc3cd6c296c00884370d5eec8a58611974c429a
edf24f8064dc89015df4cf2e18c5bb8b1aa1ecfa	edf24f8064dc89015df4cf2e18c5bb8b1aa1ecfa
eebb293b500398281fcf3b79bf2efcfc77b0332b	eebb293b500398281fcf3b79bf2efcfc77b0332b
eee062c6348b768e53985ff335798b98d7194b97	0a8792f2a364d085579c5e3d4fdd3565418a1f43
eeee74c47cdb02e4765048d850013674af12c359	eeee74c47cdb02e4765048d850013674af12c359
ef0492678a9a21ee7f95c57dca603bbe83483f95	ef0492678a9a21ee7f95c57dca603bbe83483f95
efda8162b1cd11af2fba836f22759d9874156196	efda8162b1cd11af2fba836f22759d9874156196
f015231869ce8346331b3d8aca540e46c378624f	f015231869ce8346331b3d8aca540e46c378624f
f0db86e2d8c6e8664b70c6156e2bf3c13a1d88e5	f0db86e2d8c6e8664b70c6156e2bf3c13a1d88e5
f10276565826ee8ed637920fb31bb7de31fe5b39	f10276565826ee8ed637920fb31bb7de31fe5b39
f1cf768b8f3e1770cf3a41007083bcbce8008b62	f1cf768b8f3e1770cf3a41007083bcbce8008b62
f246166cc682caa716f83399abc1d8ee7d83f9a0	f246166cc682caa716f83399abc1d8ee7d83f9a0
f28d4df14cc666a72f1ffbfc86ed664b0168be01	f28d4df14cc666a72f1ffbfc86ed664b0168be01
f3be2b46386557e2517abbdce96fa18349003376	f3be2b46386557e2517abbdce96fa18349003376
f3dafda09205a35ea3fa954a392cef1eafcfa2be	f3dafda09205a35ea3fa954a392cef1eafcfa2be
f48590101a9ba6728fa1e269a5f895597616ad12	f48590101a9ba6728fa1e269a5f895597616ad12
f4a1ffe2d03a9e8a424b7d96fdb1a900e2e19063	84fd60432d93fbedfc5b382f10cb6650f8e74ab9
f4a8dcc8692f132f5d73711846a5ecff1dca0bf6	f4a8dcc8692f132f5d73711846a5ecff1dca0bf6
f6dad06fb41c8a5aea16240070210bf7240652ec	844192f27b577ea6e85aba2c12221b25b4f60d57
f79327392c00cda68e0d2fcac310c2e9ac8f2d18	f79327392c00cda68e0d2fcac310c2e9ac8f2d18
f812899e253e9282bb0a677086e0d8cab1bd6206	f812899e253e9282bb0a677086e0d8cab1bd6206
f85025aef68eacb79009bfa6799bfd9ad412ddea	f85025aef68eacb79009bfa6799bfd9ad412ddea
f93bb6c295ec1631669fb9a3a5fa6fcdeb9c4bef	bc1a039b35134d9cdb5e76960b5b9a6b66fe63a2
f98b91ca0a98441b9bea08bcaa1e33115f2561db	f98b91ca0a98441b9bea08bcaa1e33115f2561db
fa0dc73a78205136dec7c4ee25541ce36e073d6a	fa0dc73a78205136dec7c4ee25541ce36e073d6a
fc6338319bcfb74275eacb1fdd44da1acf408ef4	fc6338319bcfb74275eacb1fdd44da1acf408ef4
fc69224ce6fee1c26db8ea642e43faf993119d66	fc69224ce6fee1c26db8ea642e43faf993119d66
fd4f5d614a8b17a0518b5c1b5483fe401b83b05e	fd4f5d614a8b17a0518b5c1b5483fe401b83b05e
fe4e56d2c2e34cf6fc13082a3911ed0bf90830b0	839ba682076e0ebea216653ecee037fceb524dfb
ff50bd20273e11818d209afcfb7a9de9d98121a2	ff50bd20273e11818d209afcfb7a9de9d98121a2
ff8fb17e20eb2b67cda754c40432f3f0e556c476	ff8fb17e20eb2b67cda754c40432f3f0e556c476
ffc9191f6289c13c90f8bcd3441a00c489cb5653	ffc9191f6289c13c90f8bcd3441a00c489cb5653
